<?xml version="1.0" encoding="UTF-8"?><feed xmlns="http://www.w3.org/2005/Atom"><id>urn:iweb:BA41B509-7C2E-4D2A-95C8-AE585EAE6492</id><title>Page list Atom feed</title><updated>2008-07-20T23:31:22+02:00</updated><link rel="self" href="feed.xml"/><generator>iWeb</generator><author><name>iWeb</name></author><entry><id>urn:iweb:8B40E17D-19FC-4BAA-9B86-6A35D882ABBB</id><title>Corso di Informatica Grafica</title><title xmlns="urn:iweb:">Corso di Informatica Grafica</title><in-navbar xmlns="urn:iweb:">8B40E17D-19FC-4BAA-9B86-6A35D882ABBB</in-navbar><link rel="alternate" href="Corso_di_Informatica_Grafica.html"/><updated>2008-07-20T23:31:22.001+02:00</updated><content>Corso di Informatica Grafica</content></entry></feed>